,address
5000,"Ruven 132, Stromsund, Stromsund"
5001,"28-48 31st St Astoria, NY 11102, United States"
5002,"11470 HOLLY FERN CT, sandiego, CA, US"
5003,"j m estrada 38,city villa dolores"
5004,"SCHLESIERSTR. 33,71634 LUDWIGSBURG"
5005,PORNIC;ZAC DE LEUROPE 44210 PORNIC
5006,Thalhof str. 5 86576 Wundersdorf Deutschland
5007,2551 E. LOHMAN ST LAS CRUCES NM 88011
5008,"ULRICH VON HASSELLSTR. 10,40789 MONHEIM"
5009,"ETS MILLE & FILS,ST-ANTONIN-NOBLE-VAL,82140 FR"
5010,Permanent Delegation of Norway to the OECD;33 rue de Franqueville;75116 Paris
5011,"Havdsjo 111, Bracke, Bracke"
5012,330 Rue Mahé de Labourdonnais Petit île
5013,"Palovaara Strand 1, Haparanda"
5014,"Lingonstigen 15, Harjedalen, Sveg"
5015,"locate=2012 Pompano Dr, Anderson, SC 29625, US"
5016,"get[ST-PIETERS-KAPELLEW.-VL., BE"
5017,"HOCHSTRASSE 31,64546 M�RFELDEN-WALLDORF"
5018,"SIEGERLANDSTR. 30,48527 NORDHORN"
5019,"124 Nh Route 101A Amherst, NH 03031-2285, United States"
5020,"8440 W. Lapham St., WEST ALLIS, WI, US"
5021,10 MILL STREET WORCESTER MA 1603
5022,"Lofssjon 118, Harjedalen, Sveg"
5023,"Sodra Hallan 208, Harjedalen, Funasdalen"
5024,"GLEICHMANNSTR. 18,95326 KULMBACH"
5025,"6051 Greenbelt Rd ,Berwyn Heights ,MD ,US"
5026,"VOGELSANGWEG 28,73630 REMSHALDEN"
5027,"Bergtjarnsvagen 5, Storlien"
5028,"EICHENWEG 7,31582 NIENBURG"
5029,"Ugglevagen 10, Berg, Oviken"
5030,"GARTENSTR. 41,56332 WOLKEN"
5031,"AM WEIHERHAAG 25,65779 KELKHEIM"
5032,"2365 N 6th St Vincennes, IN 47591-2403, United States"
5033,"Bjorkelundsvagen 85, Gammelstad"
5034,"Tvarasbacken 206, Are, Storlien"
5035,"Skramtraskvagen 49, Skelleftea"
5036,"1 Mutley Plain, Plymouth PLYMOUTH"
5037,"290 NE 28 RD, BOCA RATON, FL, 33431 US"
5038,"locate=38138, Germantown, TN"
5039,"locate=513 W Front Street, Iva, SC 29655, US"
5040,"Jarnvagsgatan 25, Storuman"
5041,Tulpenstraße 24 47057 Duisubrg Deutschland
5042,"Ostra Rundgatan 14, Koskullskulle"
5043,"Visjovalsvagen 9, Storlien"
5044,"Hokarvagen 14, Bergeforsen"
5045,"Sjulsasen 230, Stromsund, Lidsjoberg"
5046,"HIRTENWEG 15,21244 BUCHHOLZ"
5047,"PELZERSTR. 17A,23564 L�BECK"
5048,5317 HWY 49 HATTIESBURG MS 39401
5049,"Oster-Grassjon 118, Bracke"
5050,"r davel 265,city longchamps,country AR"
5051,"B6,XIONG XING GONG YE CHENG,GAO XIN JI SHU CHAN YE KAI FA DISTRICT,QING YUAN,GUANG DONG"
5052,"AVINGUDA ES CANAR 5, 07840, IBIZA, ISLAS BALEARES ILLES BALEARS"
5053,"1 HASTINGS ROAD. ST HELIER ST. HELIER JE1 4HE, UK"
5054,"4 MERVILLE GARDEN VILLAGE, WHITEABBEY"
5055,"31 AV PIERRE BROSSOLETTE,CHILLY-MAZARIN,91380 FR"
5056,"Golovkovskaia 50, Odessa, Ukraina"
5057,ChaussAce de Wavre 1091 1160 Auderghem BE
5058,"Brattbacken, Ragunda, Stugun"
5059,"Pilgrimsvagen 21, Bracke, Pilgrimstad"
5060,"Haggnaset 535, Stromsund, Gaddede"
5061,"JUAN DE AUSTRIA, 12001, CASTELLóN"
5062,"3 Carrer Moss�n Enric Marfany Sistemes, Andorra La Vella, AD"
5063,DEN HAAG - EEN 20-JARIGE HAGENAAR DIE OP EEN GESTOLEN FIETS FIETSTE LIEP TEGEN DE LAMP DOORDAT DE FIETS GEEN SLOT HAD
5064,"LUBLIN, CZECHóW, PIZZA & PUB UNDERGROUND"
5065,"MELKERSTIEG 14,21684 STADE"
5066,"4330 Creekside Avenue ,Hoover ,AL ,US"
5067,"ploshchad mikhailovskaia 17, Odessa, Ukraina"
5068,"Saivomuotka 225, Karesuando"
5069,"Bleckasen 342, Krokom, Alsen"
5070,"GUTERMANNSTR. 7,72160 HORB"
5071,"Britannia House, Jalan Cator, Bandar Seri Begawan BS8811, Brunei, BSB, BN"
5072,"Prokhorovskaia 15, Odessa, Ukraina"
5073,17248 ;Kreritstraat 35;Genk;3600
5074,"Vallagatan 35, Ostersund, Froson"
5075,"Srednefontanskaia 19 B, Odessa, Ukraina"
5076,"PO BOX 25411,FRESNO, CA, 93729"
5077,"Sunderbyvagen 124, Sodra Sunderbyn"
5078,"AM WUSTHAHNN 21,57537 FORST"
5079,"Ismundsundet 246, Ostersund"
5080,Varrelerstrasse 11 49419 Wagenfeld Deutschland
5081,"Kullen 4, Stromsund, Gaddede"
5082,"325 MONACO DR, NASHVILLE, TN, US"
5083,"KOLOREINO KüLA, VõRU VALD, VõRUMAA"
5084,"60 STATION RD S, BELTON, GREAT YARMOUTH NR31, UK , BELTON, GB"
5085,"AVENUE DE VERCORS,ST-JEAN-EN-ROYANS,26190 FR"
5086,"950 S Pine Island Rd Suite A150 ,Plantation ,FL ,US"
5087,DEN HAAG - IN DE AVOND EN NACHT VAN WOENSDAG 1 OP DONDERDAG 2 JULI HIELDEN AGENTEN 34 RELSCHOPPERS AAN. DE AANHOUDINGEN VOLGDEN NA ONGEREGELDHEDEN IN DE
5088,141 WEG NAAR FUIK Welbedacht   CW
5089,"Arkhitektorskaia 16A, Odessa, Ukraina"
5090,"3382 Route 38 Owego, NY 13827, United States"
5091,"Feldweg 2, 6370 Oberdorf NW"
5092,"610 NORTHEAST ST SUITE 102,MADERA, CA, 93638"
5093,"CITTA SANTANGELO,VIA CONA 115"
5094,"Grecheskaia, 19, Odessa, Ukraina"
5095,"125 E Street Rd ,Feasterville-Trevose ,PA ,19053 ,US"
5096,"Sandvagen 11, Harjedalen, Sveg"
5097,"WEINGARTENSTR 24,64546 M�RFELDEN-WALLDORF"
5098,"koblevskaia 15, Odessa, Ukraina"
5099,"Crostwick Lane, Norwich NORFOLK"
